{
    "Version": 0,
    "Meta": {
        "Duration": 1.9994938373565674,
        "Fps": 60.0,
        "Loop": true,
        "AreBeziersRestricted": true,
        "CurveCount": 9,
        "TotalSegmentCount": 61,
        "TotalPointCount": 219,
        "UserDataCount": 0,
        "TotalUserDataSize": 0
    },
    "Curves": [
        {
            "Target": "Parameter",
            "Id": "ParamEyeLOpen",
            "Segments": [
                0,
                0.9962552785873413,
                1,
                0.1064155250787735,
                0.9956232309341431,
                0.212831050157547,
                1.0125542879104615,
                0.3192465603351593,
                1.0192270278930665,
                1,
                0.35845232009887698,
                1.0216853618621827,
                0.3976580798625946,
                1.0223923921585084,
                0.43686383962631228,
                1.0203248262405396,
                1,
                0.4536662995815277,
                1.019461750984192,
                0.47046875953674319,
                1.124560832977295,
                0.487271249294281,
                1.0174766778945923,
                1,
                0.4928628206253052,
                0.9808067083358765,
                0.49845442175865176,
                1.0609689950942994,
                0.5040459632873535,
                0.9625220894813538,
                1,
                0.5087470412254334,
                0.8650134801864624,
                0.5134481191635132,
                0.5742602944374085,
                0.518149197101593,
                0.4369346797466278,
                1,
                0.5289668440818787,
                0.12911060452461244,
                0.5397844910621643,
                0.1034170463681221,
                0.5506020784378052,
                0.03863547742366791,
                1,
                0.5953943133354187,
                -0.19781921803951264,
                0.640186607837677,
                -0.10130903124809265,
                0.6849789023399353,
                -0.11546295881271362,
                1,
                0.7577893733978272,
                -0.1385892629623413,
                0.8305997848510742,
                -0.1407005339860916,
                0.9034102559089661,
                -0.14445564150810243,
                1,
                0.9258135557174683,
                -0.1455840766429901,
                0.9482169151306152,
                -0.29355305433273318,
                0.9706201553344727,
                -0.14719001948833466,
                1,
                0.9869177937507629,
                -0.03531060367822647,
                1.0032154321670533,
                0.36707401275634768,
                1.0195131301879883,
                0.4904667139053345,
                1,
                1.0586857795715333,
                0.7754501104354858,
                1.0978585481643677,
                0.6932185292243958,
                1.1370313167572022,
                0.7328359484672546,
                1,
                1.4245188236236573,
                1.026075839996338,
                1.7120063304901124,
                0.9372116923332214,
                1.9994938373565674,
                0.9638999104499817
            ]
        },
        {
            "Target": "Parameter",
            "Id": "ParamEyeROpen",
            "Segments": [
                0,
                0.967533528804779,
                1,
                0.10641545802354813,
                0.9708552956581116,
                0.21283091604709626,
                0.9934876561164856,
                0.319246381521225,
                0.9978324770927429,
                1,
                0.3584521412849426,
                0.9994332194328308,
                0.3976579010486603,
                0.9993558526039124,
                0.43686366081237795,
                0.9975864291191101,
                1,
                0.45366615056991579,
                0.9968474507331848,
                0.4704686105251312,
                1.101520299911499,
                0.4872710704803467,
                0.9958533644676209,
                1,
                0.4928622245788574,
                0.9596887230873108,
                0.4984533488750458,
                1.036367416381836,
                0.5040445327758789,
                0.9396443963050842,
                1,
                0.5087835788726807,
                0.8437945246696472,
                0.5135226845741272,
                0.5581708550453186,
                0.518261730670929,
                0.42409753799438479,
                1,
                0.5291036367416382,
                0.12764543294906617,
                0.5399455428123474,
                0.09949630498886109,
                0.5507874488830566,
                0.03700083866715431,
                1,
                0.6179831624031067,
                -0.3092247247695923,
                0.6851789355278015,
                -0.11968409270048142,
                0.7523746490478516,
                -0.13049301505088807,
                1,
                0.8195844292640686,
                -0.14131256937980653,
                0.8867942690849304,
                -0.36320650577545168,
                0.9540041089057922,
                -0.14663389325141908,
                1,
                0.9814504981040955,
                -0.05556108057498932,
                1.008897066116333,
                0.4791831970214844,
                1.0363434553146363,
                0.5948129892349243,
                1,
                1.1427415609359742,
                1.0282117128372193,
                1.249139666557312,
                0.8321768641471863,
                1.3555376529693604,
                0.8780688643455505,
                1,
                1.5701897144317628,
                0.9709591865539551,
                1.784841775894165,
                0.9359492659568787,
                1.9994938373565674,
                0.9495592713356018
            ]
        },
        {
            "Target": "Parameter",
            "Id": "ParamBrowLY",
            "Segments": [
                0,
                0.18676039576530457,
                1,
                0.11761713027954102,
                0.1918770968914032,
                0.23523426055908204,
                0.2168879210948944,
                0.35285139083862307,
                0.2149197906255722,
                1,
                0.41445600986480715,
                0.21389199793338777,
                0.4760606288909912,
                0.3533574938774109,
                0.5376652479171753,
                0.1463150531053543,
                1,
                0.6325117349624634,
                -0.1741153448820114,
                0.7273581624031067,
                -1.265583872795105,
                0.8222046494483948,
                -1.2465711832046509,
                1,
                0.8612658977508545,
                -1.2387272119522095,
                0.9003272652626038,
                -0.8921453356742859,
                0.9393885135650635,
                -0.7068976163864136,
                1,
                1.0008949041366578,
                -0.4158915579319,
                1.0624010562896729,
                -0.22137530148029328,
                1.123907446861267,
                -0.13790962100028993,
                1,
                1.4157695770263672,
                0.25669732689857485,
                1.7076317071914673,
                0.15288691222667695,
                1.9994938373565674,
                0.1741739958524704
            ]
        },
        {
            "Target": "Parameter",
            "Id": "ParamBrowLForm",