{
    "Version": 0,
    "Meta": {
        "Duration": 4.990015029907227,
        "Fps": 60.0,
        "Loop": true,
        "AreBeziersRestricted": true,
        "CurveCount": 3,
        "TotalSegmentCount": 43,
        "TotalPointCount": 141,
        "UserDataCount": 0,
        "TotalUserDataSize": 0
    },
    "Curves": [
        {
            "Target": "Parameter",
            "Id": "ParamMouthForm",
            "Segments": [
                0,
                0.8162598013877869,
                1,
                0.2303922325372696,
                0.8147390484809876,
                0.46078452467918398,
                0.9604552388191223,
                0.69117671251297,
                0.9618823528289795,
                1,
                0.792323648929596,
                0.9625088572502136,
                0.8934705853462219,
                0.8539419770240784,
                0.9946174621582031,
                0.8706841468811035,
                1,
                1.1013809442520142,
                0.888355553150177,
                1.2081445455551148,
                1.0351625680923463,
                1.3149081468582154,
                1.0378472805023194,
                1,
                1.4553841352462769,
                1.0413800477981568,
                1.595860242843628,
                0.8343880772590637,
                1.736336350440979,
                0.8204815983772278,
                1,
                2.101595401763916,
                0.7843297719955444,
                2.4668545722961427,
                0.6803522706031799,
                2.832113742828369,
                0.7696278691291809,
                1,
                2.882678508758545,
                0.7819913029670715,
                2.9332432746887209,
                0.9016171097755432,
                2.9838080406188967,
                0.9286333918571472,
                1,
                3.1467692852020265,
                1.0156686305999756,
                3.3097307682037355,
                0.9838513731956482,
                3.4726920127868654,
                0.9920716285705566,
                1,
                3.6244113445281984,
                0.9997262954711914,
                3.776130437850952,
                0.8693504333496094,
                3.927849769592285,
                0.8468477725982666,
                1,
                4.107667446136475,
                0.8201777935028076,
                4.287485122680664,
                0.9665197730064392,
                4.467303276062012,
                0.9644074440002441,
                1,
                4.641540050506592,
                0.9623607397079468,
                4.815777778625488,
                0.836724042892456,
                4.990015029907227,
                0.8592303991317749
            ]
        },
        {
            "Target": "Parameter",
            "Id": "ParamMouthOpenY",
            "Segments": [
                0,
                0.3941531181335449,
                1,
                0.078669972717762,
                0.40683412551879885,
                0.15733996033668519,
                0.19308708608150483,
                0.23600992560386659,
                0.4135551154613495,
                1,
                0.2751670777797699,
                0.5240646004676819,
                0.3143242299556732,
                0.9105055928230286,
                0.35348138213157656,
                1.0638091564178467,
                1,
                0.44332611560821535,
                1.413602352142334,
                0.5331708788871765,
                1.6013368368148804,
                0.6230155825614929,
                1.6219768524169922,
                1,
                0.6510902643203735,
                1.6283923387527466,
                0.6791648268699646,
                1.70643150806427,
                0.7072394490242004,
                1.5117982625961304,
                1,
                0.7349755167961121,
                1.3153729438781739,
                0.7627115845680237,
                0.8850337862968445,
                0.7904475927352905,
                0.7444366216659546,
                1,
                0.8466188907623291,
                0.46652451157569888,
                0.9027900695800781,
                0.5097314119338989,
                0.9589613676071167,
                0.574307918548584,
                1,
                0.986996054649353,
                0.6065136790275574,
                1.0150307416915894,
                0.6001367568969727,
                1.0430654287338257,
                0.8496257662773132,
                1,
                1.0651394128799439,
                1.051497459411621,
                1.087213397026062,
                1.4545844793319703,
                1.1092873811721802,
                1.5732592344284058,
                1,
                1.154229998588562,
                1.8075655698776246,
                1.199172854423523,
                1.6631872653961182,
                1.2441155910491944,
                1.7214616537094117,
                1,
                1.2946840524673463,
                1.7873297929763795,
                1.3452526330947877,
                1.8229596614837647,
                1.39582097530365,
                1.8363524675369263,
                1,
                1.4239177703857422,
                1.8437532186508179,
                1.452014684677124,
                1.9357479810714722,
                1.4801113605499268,
                1.851449728012085,
                1,
                1.5078063011169434,
                1.7654049396514893,
                1.53550124168396,
                1.3016787767410279,
                1.563196063041687,
                1.0810009241104127,
                1,
                1.5968420505523682,
                0.8187238574028015,
                1.6304877996444703,
                0.829603910446167,
                1.6641337871551514,
                0.7207136154174805,
                1,
                1.6921838521957398,
                0.6299736499786377,
                1.7202339172363282,
                0.44260433316230776,
                1.7482839822769166,
                0.4379178583621979,
                1,
                1.7985042333602906,
                0.4294769763946533,
                1.8487247228622437,
                1.5234501361846924,
                1.8989449739456177,
                1.2748539447784424,
                1,
                1.9264813661575318,
                1.1376646757125855,
                1.9540176391601563,
                0.495452344417572,
                1.9815540313720704,
                0.36670243740081789,
                1,
                2.077061176300049,
                -0.0654144287109375,
                2.172567844390869,
                0.09984701126813889,
                2.2680749893188478,
                0.0924893319606781,
                1,
                2.3692238330841066,
                0.08467472344636917,
                2.4703729152679445,
                -0.04925602674484253,
                2.571521759033203,
                0.10054774582386017,
                1,
                2.6164214611053469,
                0.16728834807872773,
                2.6613214015960695,
                0.4411707818508148,
                2.706220865249634,
                0.4254967272281647,
                1,
                2.751159429550171,
                0.41007333993911745,
                2.796097993850708,
                0.08543920516967774,
                2.841036558151245,
                0.37696343660354617,
                1,
                2.8626620769500734,
                0.5279254913330078,
                2.8842875957489015,
                1.1033967733383179,
                2.9059131145477297,
                1.421464204788208,
                1,
                2.9338834285736086,
